<?xml version="1.0"?>
<mavlink>
  <version>3</version>
  <messages>
    <message id="1" name="FEEDBACK">
      <description>反馈值</description>
      <field type="float[6]" name="pos" units="rad">舵机位置</field>
      <field type="float[2]" name="ang" units="rad">陀螺仪x,y 方向角</field>
    </message>
    <message id="2" name="SETPOINT">
      <description>设置值</description>
      <field type="float[6]" name="pos" units="rad">舵机位置</field>

    </message>
  </messages>
</mavlink>
