{
  "name": "micro-ros-Aboard",
  "type": "ARM",
  "dependenceList": [],
  "srcDirs": [
    ".eide/deps",
    "Core",
    "Drivers",
    "Middlewares"
  ],
  "virtualFolder": {
    "name": "<virtual_root>",
    "files": [
      {
        "path": "startup_stm32f427xx.s"
      }
    ],
    "folders": []
  },
  "outDir": "build",
  "deviceName": null,
  "packDir": null,
  "miscInfo": {
    "uid": "a5d190cee696cfd9cb7f497421dddcf4"
  },
  "targets": {
    "Debug": {
      "excludeList": [],
      "toolchain": "GCC",
      "compileConfig": {
        "cpuType": "Cortex-M4",
        "floatingPointHardware": "single",
        "scatterFilePath": "STM32F427IIHx_FLASH.ld",
        "useCustomScatterFile": true,
        "storageLayout": {
          "RAM": [],
          "ROM": []
        },
        "options": "null"
      },
      "uploader": "OpenOCD",
      "uploadConfig": {
        "bin": "",
        "target": "stm32f4x",
        "interface": "stlink-v2",
        "baseAddr": "0x08000000"
      },
      "uploadConfigMap": {
        "JLink": {
          "bin": "",
          "baseAddr": "",
          "cpuInfo": {
            "vendor": "null",
            "cpuName": "null"
          },
          "proType": 1,
          "speed": 8000,
          "otherCmds": ""
        },
        "STLink": {
          "bin": "",
          "proType": "SWD",
          "resetMode": "default",
          "runAfterProgram": true,
          "speed": 4000,
          "address": "0x08000000",
          "elFile": "None",
          "optionBytes": ".eide/debug.st.option.bytes.ini",
          "otherCmds": ""
        }
      },
      "custom_dep": {
        "name": "default",
        "incList": [
          ".eide/deps",
          "Core/Inc",
          "Drivers/STM32F4xx_HAL_Driver/Inc",
          "Drivers/STM32F4xx_HAL_Driver/Inc/Legacy",
          "Drivers/CMSIS/Device/ST/STM32F4xx/Include",
          "Drivers/CMSIS/Include",
          "Middlewares/Third_Party/FreeRTOS/Source/include",
          "Middlewares/Third_Party/FreeRTOS/Source/CMSIS_RTOS_V2",
          "Middlewares/Third_Party/FreeRTOS/Source/portable/GCC/ARM_CM4F",
          "WTR_micro_ros_stm32cubemx_utils/microros_static_library/libmicroros/microros_include"
        ],
        "libList": [],
        "sourceDirList": [],
        "defineList": [
          "USE_HAL_DRIVER",
          "STM32F427xx",
          "STM32_THREAD_SAFE_STRATEGY=5"
        ]
      }
    }
  },
  "version": "3.3"
}