<application>
  <component name="MaterialThemeConfig">
    <option name="compactFields" value="true" />
    <option name="compactMenus" value="true" />
    <option name="compactStatusBar" value="true" />
    <option name="compactTables" value="true" />
    <option name="compactDropdowns" value="true" />
    <option name="compactSidebar" value="true" />
    <option name="isCompactMenus" value="true" />
    <option name="isCompactStatusBar" value="true" />
    <option name="isCompactTables" value="true" />
    <option name="isCompactFields" value="true" />
    <option name="customListItemsSizeEnabled" value="true" />
    <option name="isWizardShown" value="true" />
    <option name="pristineConfig" value="false" />
    <option name="treeFontSizeEnabled" value="true" />
    <option name="tabFontSizeEnabled" value="true" />
    <option name="customSidebarHeight" value="24" />
    <option name="customListItemsSize" value="20" />
    <option name="settingsSelectedTab" value="1" />
    <option name="tabsHeight" value="18" />
    <option name="accentColor" value="ff9800" />
    <option name="selectedTheme" value="DARKER" />
    <option name="userId" value="-3246d87c:18586974276:-8000" />
    <option name="version" value="8.4.1" />
  </component>
</application>